,date,习近平,李克强,栗战书,汪洋,王沪宁,赵乐际,韩正
0,2015-12-24,4,10,0,1,0,0,0
1,2015-12-25,9,13,0,2,0,0,0
2,2015-12-26,23,13,0,2,0,0,0
3,2015-12-27,27,13,0,2,0,0,0
4,2015-12-28,28,13,0,2,0,0,0
5,2015-12-31,54,17,0,2,0,0,0
6,2016-01-01,76,17,0,2,0,0,0
7,2016-01-02,80,17,0,2,0,0,0
8,2016-01-03,93,17,0,2,0,0,0
9,2016-01-04,100,18,0,2,0,0,0
10,2016-01-05,106,18,0,2,0,0,0
11,2016-01-06,133,30,1,2,1,0,0
12,2016-01-08,147,36,2,2,1,1,0
13,2016-01-09,149,38,2,2,1,1,0
14,2016-01-12,161,39,2,2,1,1,0
15,2016-01-13,169,42,2,3,1,1,0
16,2016-01-14,170,42,2,3,1,1,0
17,2016-01-15,182,48,2,4,2,2,0
18,2016-01-17,183,48,2,4,2,2,0
19,2016-01-18,218,51,2,4,2,2,0
20,2016-01-19,231,55,3,4,3,2,0
21,2016-01-20,268,55,7,4,7,2,0
22,2016-01-21,328,64,13,5,13,3,0
23,2016-01-22,376,72,15,6,15,3,0
24,2016-01-23,398,72,17,6,17,3,0
25,2016-01-24,414,74,20,6,20,3,0
26,2016-01-25,415,81,20,6,20,3,0
27,2016-01-27,422,84,20,6,20,3,0
28,2016-01-29,426,84,20,6,20,3,0
29,2016-01-30,429,84,20,7,20,3,1
30,2016-01-31,431,84,20,7,20,3,1
31,2016-02-01,445,86,20,7,20,3,1
32,2016-02-02,449,86,20,7,20,3,1
33,2016-02-03,449,100,20,7,20,3,1
34,2016-02-04,451,103,20,7,20,3,1
35,2016-02-05,457,113,20,7,20,3,1
36,2016-02-06,471,120,20,7,20,3,1
37,2016-02-07,472,120,20,7,20,3,1
38,2016-02-08,472,120,20,7,20,3,1
39,2016-02-09,474,120,20,7,20,3,1
40,2016-02-10,478,120,20,7,20,3,1
41,2016-02-11,480,120,20,7,20,3,1
42,2016-02-12,482,120,20,7,20,3,1
43,2016-02-13,487,121,20,7,20,3,1
44,2016-02-14,493,124,20,7,20,3,1
45,2016-02-15,499,124,20,7,20,3,1
46,2016-02-16,500,124,20,7,20,3,1
47,2016-02-17,501,127,20,7,20,3,1
48,2016-02-18,506,127,20,7,20,3,1
49,2016-02-19,510,128,20,7,20,3,1
50,2016-02-20,515,128,20,7,20,3,1
51,2016-02-21,526,128,20,7,20,3,1
52,2016-02-22,536,128,20,7,20,3,1
53,2016-02-24,544,133,20,7,20,3,1
54,2016-02-26,549,134,20,7,20,3,1
55,2016-02-27,552,141,20,7,20,3,1
56,2016-03-02,561,141,20,7,20,3,1
57,2016-03-04,580,145,20,7,20,3,1
58,2016-03-05,603,157,21,8,21,4,3
59,2016-03-09,612,162,21,8,21,4,3
60,2016-03-11,620,163,21,8,21,4,3
61,2016-03-12,621,163,21,8,21,4,3
62,2016-03-13,633,164,21,8,21,4,3
63,2016-03-14,640,165,22,9,22,5,4
64,2016-03-16,651,179,23,10,23,6,5
65,2016-03-17,654,184,23,10,23,6,5
66,2016-03-18,665,186,24,10,23,6,5
67,2016-03-19,668,186,24,10,23,6,5
68,2016-03-23,700,207,24,10,23,7,5
69,2016-03-26,706,219,24,10,23,7,5
70,2016-03-27,714,222,24,10,23,7,5
71,2016-03-28,720,230,25,11,24,7,5
72,2016-03-29,748,235,28,11,27,7,5
73,2016-03-30,781,237,31,11,30,7,5
74,2016-03-31,808,245,33,11,32,7,5
75,2016-04-01,837,245,36,11,35,7,5
76,2016-04-02,857,245,37,11,36,7,5
77,2016-04-03,861,245,38,11,37,7,5
78,2016-04-04,861,252,38,11,37,7,5
79,2016-04-07,863,262,38,11,37,7,5
80,2016-04-08,878,266,38,11,37,7,5
81,2016-04-09,880,266,38,11,37,7,5
82,2016-04-10,880,266,38,11,37,7,5
83,2016-04-11,883,272,38,12,37,7,5
84,2016-04-13,887,279,38,12,37,7,5
85,2016-04-14,893,288,38,12,37,7,5
86,2016-04-15,903,289,38,12,37,7,5
87,2016-04-16,907,304,38,12,37,7,5
88,2016-04-18,910,311,38,12,37,7,5
89,2016-04-20,928,315,38,12,37,7,5
90,2016-04-21,941,321,38,12,37,7,5
91,2016-04-22,956,322,38,12,37,7,5
92,2016-04-23,973,324,38,12,37,7,5
93,2016-04-24,982,327,38,12,37,7,5
94,2016-04-26,984,344,38,12,37,7,5
95,2016-04-27,1013,349,39,12,38,7,5
96,2016-04-29,1035,349,40,12,39,7,5
97,2016-04-30,1045,354,40,12,39,7,5
98,2016-05-01,1046,354,40,12,39,7,5
99,2016-05-02,1047,354,40,12,39,7,5
100,2016-05-03,1066,354,42,12,41,7,5
101,2016-05-04,1074,364,42,12,41,7,5
102,2016-05-05,1082,364,42,12,41,7,5
103,2016-05-09,1087,365,42,12,41,7,5
104,2016-05-11,1102,369,42,12,41,7,5
105,2016-05-12,1109,374,42,12,41,7,5
106,2016-05-14,1110,374,42,12,41,7,5
107,2016-05-15,1112,374,42,12,41,7,5
108,2016-05-17,1135,378,43,12,42,7,5
109,2016-05-18,1162,382,44,12,42,7,5
110,2016-05-20,1169,386,44,12,42,7,5
111,2016-05-21,1170,388,44,12,42,7,5
112,2016-05-22,1172,388,44,12,42,7,5
113,2016-05-23,1176,388,44,12,42,7,5
114,2016-05-24,1180,399,44,12,42,7,5
115,2016-05-25,1183,406,44,12,42,7,5
116,2016-05-26,1222,422,44,12,42,7,5
117,2016-05-29,1225,422,44,12,42,7,5
118,2016-05-30,1251,431,44,14,42,7,5
119,2016-06-01,1268,431,44,14,42,7,5
120,2016-06-02,1274,441,44,14,42,7,5
121,2016-06-03,1293,446,44,14,42,7,5
122,2016-06-04,1295,448,44,14,42,7,5
123,2016-06-05,1300,448,44,14,42,7,5
124,2016-06-06,1309,450,44,16,42,7,5
125,2016-06-07,1328,456,44,18,42,8,5
126,2016-06-08,1331,462,44,18,42,8,5
127,2016-06-09,1332,462,44,18,42,8,5
128,2016-06-10,1333,462,44,18,42,8,5
129,2016-06-11,1334,462,44,18,42,8,5
130,2016-06-12,1340,466,44,18,42,9,5
131,2016-06-13,1352,482,44,18,42,9,5
132,2016-06-15,1364,484,44,18,42,9,5
133,2016-06-17,1377,493,45,18,43,9,5
134,2016-06-18,1409,493,50,18,48,9,5
135,2016-06-19,1421,493,52,18,50,9,5
136,2016-06-20,1464,497,56,18,54,9,5
137,2016-06-21,1495,505,58,18,56,9,5
138,2016-06-22,1519,507,60,21,58,9,5
139,2016-06-24,1555,514,61,22,59,9,5
140,2016-06-29,1570,518,61,22,59,9,5
141,2016-06-30,1582,520,61,22,59,9,5
142,2016-07-01,1605,526,61,22,59,9,5
143,2016-07-06,1613,543,61,24,59,9,5
144,2016-07-07,1631,556,61,24,59,9,5
145,2016-07-11,1632,559,61,24,59,9,5
146,2016-07-12,1639,568,61,25,59,9,5
147,2016-07-13,1640,581,61,25,59,9,5
148,2016-07-14,1643,609,61,25,59,9,5
149,2016-07-23,1657,609,61,25,59,9,5
150,2016-07-26,1674,611,62,26,60,9,5
151,2016-07-28,1704,611,63,26,61,9,5
152,2016-07-29,1723,614,64,26,61,10,5
153,2016-07-31,1724,614,64,26,61,10,5
154,2016-08-02,1728,614,64,26,61,10,5
155,2016-08-03,1730,614,64,26,61,10,5
156,2016-08-05,1730,614,64,26,61,10,5
157,2016-08-07,1731,614,64,26,61,10,5
158,2016-08-08,1732,615,64,26,61,10,5
159,2016-08-09,1733,615,64,26,61,10,5
160,2016-08-11,1734,615,64,26,61,10,5
161,2016-08-12,1735,615,64,26,61,10,5
162,2016-08-13,1736,615,64,26,61,10,5
163,2016-08-14,1738,615,64,26,61,10,5
164,2016-08-15,1744,616,64,26,61,10,5
165,2016-08-16,1745,618,64,26,61,10,5
166,2016-08-17,1755,628,65,27,62,10,5
167,2016-08-18,1758,638,65,27,62,10,5
168,2016-08-19,1768,639,66,27,62,10,5
169,2016-08-21,1772,639,66,27,62,10,5
170,2016-08-22,1774,639,66,27,62,10,5
171,2016-08-23,1776,641,66,28,62,10,5
172,2016-08-24,1812,651,67,28,63,10,5
173,2016-08-26,1818,655,67,28,63,10,5
174,2016-08-27,1819,655,67,28,63,10,5
175,2016-08-29,1834,655,67,28,63,10,5
176,2016-08-30,1837,662,67,28,63,10,5
177,2016-08-31,1850,674,67,28,63,10,5
178,2016-09-03,1899,678,69,29,65,10,5
179,2016-09-04,1952,683,72,32,68,10,5
180,2016-09-05,1988,683,74,34,70,10,5
181,2016-09-06,2008,687,75,34,71,10,5
182,2016-09-07,2013,702,75,34,71,10,5
183,2016-09-08,2014,719,75,34,71,10,5
184,2016-09-10,2026,743,75,34,71,10,5
185,2016-09-11,2033,743,75,34,71,11,5
186,2016-09-12,2041,747,75,34,71,11,5
187,2016-09-13,2064,747,75,35,72,11,5
188,2016-09-14,2078,757,75,35,72,11,5
189,2016-09-16,2079,757,75,35,72,11,5
190,2016-09-18,2081,764,75,36,72,11,5
191,2016-09-20,2087,772,75,36,72,11,5
192,2016-09-22,2093,787,75,36,72,11,5
193,2016-09-23,2097,791,75,36,72,11,5
194,2016-09-25,2108,812,75,36,72,11,5
195,2016-09-27,2110,819,75,36,72,11,5
196,2016-09-30,2121,840,75,36,72,11,5
197,2016-10-01,2122,840,75,36,72,11,5
198,2016-10-02,2127,841,75,36,72,11,5
199,2016-10-03,2128,843,75,36,72,11,5
200,2016-10-04,2128,843,75,36,72,11,5
201,2016-10-05,2131,843,75,36,72,11,5
202,2016-10-06,2132,843,75,36,72,11,5
203,2016-10-07,2134,843,75,36,72,11,5
204,2016-10-08,2143,845,75,36,72,11,5
205,2016-10-09,2153,856,75,36,72,11,5
206,2016-10-11,2169,879,75,36,72,11,5
207,2016-10-14,2248,891,77,36,74,11,5
208,2016-10-16,2289,893,79,37,76,11,5
209,2016-10-17,2304,894,80,37,77,11,5
210,2016-10-18,2323,901,81,38,78,11,5
211,2016-10-21,2330,905,81,38,78,11,5
212,2016-10-22,2339,905,81,38,78,11,5
213,2016-10-26,2339,905,81,38,78,11,5
214,2016-12-27,2357,906,81,38,78,11,5
215,2016-12-28,2371,906,81,38,78,11,5
216,2016-12-29,2381,908,81,38,78,11,5
217,2016-12-30,2383,909,81,38,78,11,5
218,2016-12-31,2405,917,81,39,78,11,5
219,2017-01-01,2413,917,81,39,78,11,5
220,2017-01-03,2418,919,81,40,78,11,5
221,2017-01-04,2419,920,81,40,78,11,5
222,2017-01-05,2422,921,82,40,78,11,5
223,2017-01-06,2444,922,82,40,78,11,5
224,2017-01-08,2461,923,82,40,78,11,5
225,2017-01-09,2478,931,83,40,78,12,5
226,2017-01-10,2487,932,83,40,78,12,5
227,2017-01-11,2505,936,83,41,78,13,5
228,2017-01-12,2528,936,85,41,80,13,5
229,2017-01-13,2545,941,85,41,80,13,5
230,2017-01-14,2547,941,85,41,80,13,5
231,2017-01-15,2558,945,86,42,81,13,5
232,2017-01-16,2601,948,89,42,84,14,5
233,2017-01-17,2627,956,90,43,85,14,5
234,2017-01-18,2671,964,92,44,87,15,5
235,2017-01-19,2704,965,93,44,88,15,5
236,2017-01-20,2732,976,93,45,88,15,5
237,2017-01-21,2733,977,93,45,88,15,5
238,2017-01-22,2758,978,94,45,88,15,5
239,2017-01-24,2789,979,95,45,89,15,5
240,2017-01-26,2801,985,95,45,89,15,5
241,2017-01-27,2803,985,95,45,89,15,5
242,2017-01-28,2804,985,95,45,89,15,5
243,2017-01-29,2808,987,95,45,89,15,5
244,2017-01-30,2809,987,95,45,89,15,5
245,2017-01-31,2809,987,95,45,89,15,5
246,2017-02-01,2810,987,95,45,89,15,5
247,2017-02-02,2815,987,95,45,89,15,5
248,2017-02-03,2815,989,95,45,89,15,5
249,2017-02-04,2815,990,95,45,89,15,5
250,2017-02-05,2817,994,95,45,89,15,5
251,2017-02-06,2819,996,95,45,89,15,5
252,2017-02-07,2822,999,95,45,89,15,5
253,2017-02-08,2827,1002,95,45,89,15,5
254,2017-02-09,2828,1002,95,45,89,15,5
255,2017-02-10,2840,1003,95,46,89,15,5
256,2017-02-11,2841,1003,95,46,89,15,5
257,2017-02-12,2842,1003,95,46,89,15,5
258,2017-02-14,2847,1003,95,46,89,15,5
259,2017-02-15,2852,1004,95,46,89,15,5
260,2017-02-16,2859,1004,95,46,90,16,5
261,2017-02-17,2884,1008,96,46,91,16,6
262,2017-02-18,2885,1008,96,46,91,16,6
263,2017-02-19,2889,1008,96,46,91,16,6
264,2017-02-20,2891,1008,96,46,91,16,6
265,2017-02-21,2901,1021,96,46,91,17,6
266,2017-02-22,2925,1021,96,46,91,18,6
267,2017-02-23,2936,1029,96,46,91,18,6
268,2017-02-24,2946,1029,96,46,91,18,6
269,2017-02-25,2948,1029,96,46,91,18,6
270,2017-02-26,2953,1029,96,46,91,18,6
271,2017-02-27,2957,1032,96,46,91,18,6
272,2017-02-28,2973,1034,96,46,91,18,6
273,2017-03-01,2976,1035,96,46,91,18,6
274,2017-03-02,2977,1035,96,46,91,18,6
275,2017-03-03,2985,1036,96,46,91,18,6
276,2017-03-04,3003,1040,96,46,91,18,6
277,2017-03-05,3036,1055,97,47,92,19,8
278,2017-03-06,3059,1066,98,48,92,20,8
279,2017-03-07,3078,1071,98,48,92,20,8
280,2017-03-08,3109,1075,98,48,92,20,8
281,2017-03-09,3122,1080,98,49,92,20,8
282,2017-03-10,3144,1084,98,49,92,21,8
283,2017-03-11,3154,1084,98,49,92,21,8
284,2017-03-12,3165,1085,98,49,92,21,8
285,2017-03-13,3175,1086,99,50,93,23,9
286,2017-03-14,3178,1087,99,50,93,23,9
287,2017-03-15,3190,1089,100,51,94,24,10
288,2017-03-16,3207,1090,100,51,94,24,10
289,2017-03-17,3231,1104,100,52,94,24,10
290,2017-03-18,3235,1104,100,52,94,24,10
291,2017-03-19,3243,1104,100,52,94,24,10
292,2017-03-20,3244,1116,100,52,94,24,10
293,2017-03-21,3250,1123,100,53,94,24,10
294,2017-03-22,3253,1129,100,54,94,24,10
295,2017-03-23,3261,1151,100,54,94,24,10
296,2017-03-24,3272,1162,100,54,94,24,11
297,2017-03-25,3279,1177,100,54,94,24,11
298,2017-03-26,3282,1188,100,54,94,24,11
299,2017-03-27,3307,1206,100,56,94,24,11
300,2017-03-28,3319,1224,100,56,94,24,11
301,2017-03-29,3333,1245,100,56,94,24,11
302,2017-03-30,3348,1245,100,56,94,24,11
303,2017-03-31,3361,1255,100,56,94,24,11
304,2017-04-01,3371,1258,100,56,94,24,11
305,2017-04-02,3373,1258,100,56,94,24,11
306,2017-04-03,3383,1258,100,56,94,24,11
307,2017-04-04,3391,1261,101,57,95,24,11
308,2017-04-05,3411,1263,103,59,97,24,11
309,2017-04-06,3435,1264,104,60,98,24,11
310,2017-04-07,3465,1279,106,62,100,24,11
311,2017-04-08,3480,1281,107,64,101,24,11
312,2017-04-09,3511,1282,108,65,102,24,11
313,2017-04-10,3533,1293,108,65,102,24,11
314,2017-04-11,3538,1301,109,65,102,24,11
315,2017-04-12,3546,1310,109,65,102,24,11
316,2017-04-13,3554,1310,109,65,102,24,11
317,2017-04-14,3574,1310,109,65,102,24,11
318,2017-04-15,3587,1312,109,65,102,24,11
319,2017-04-16,3599,1314,109,65,102,25,11
320,2017-04-17,3602,1314,109,65,102,25,11
321,2017-04-18,3620,1327,109,65,102,25,11
322,2017-04-19,3625,1334,109,65,102,25,11
323,2017-04-20,3631,1334,109,65,102,25,11
324,2017-04-21,3670,1334,110,65,103,25,11
325,2017-04-23,3670,1334,110,65,103,25,11
326,2017-04-24,3682,1334,110,65,103,25,11
327,2017-04-25,3692,1335,110,65,103,25,11
328,2017-04-27,3698,1335,110,65,103,26,11
329,2017-04-28,3702,1343,110,65,103,26,11
330,2017-04-30,3703,1343,110,65,103,26,11
331,2017-05-01,3704,1343,110,65,103,26,11
332,2017-05-02,3710,1345,110,65,103,26,11
333,2017-05-03,3738,1346,111,65,104,26,11
334,2017-05-04,3748,1355,111,65,104,26,11
335,2017-05-05,3764,1355,111,65,104,26,11
336,2017-05-06,3771,1355,111,65,104,26,11
337,2017-05-07,3778,1356,111,65,104,26,11
338,2017-05-08,3781,1358,111,65,104,26,11
339,2017-05-09,3790,1369,111,65,104,26,11
340,2017-05-13,3825,1384,114,65,107,26,11
341,2017-05-15,3864,1392,116,67,109,26,11
342,2017-05-17,3895,1405,119,67,112,26,11
343,2017-05-20,3898,1405,119,67,112,26,11
344,2017-05-21,3910,1405,119,67,112,26,11
345,2017-05-22,3913,1407,119,67,112,26,11
346,2017-05-24,3941,1409,119,67,112,26,11
347,2017-05-25,3948,1413,119,67,112,26,11
348,2017-05-26,3960,1422,119,67,112,26,11
349,2017-05-27,3982,1427,119,67,112,26,11
350,2017-05-28,3986,1428,119,67,112,26,11
351,2017-05-29,3988,1428,119,67,112,26,11
352,2017-05-30,3989,1428,119,67,112,26,11
353,2017-05-31,3991,1430,119,67,112,26,11
354,2017-06-01,4001,1448,119,67,112,26,11
355,2017-06-04,4007,1468,119,67,112,26,11
356,2017-06-06,4025,1468,119,67,112,26,11
357,2017-06-07,4041,1471,120,67,113,26,11
358,2017-06-08,4071,1476,123,67,116,26,11
359,2017-06-09,4096,1477,126,67,119,26,12
360,2017-06-10,4118,1477,128,67,121,26,12
361,2017-06-12,4120,1493,128,67,121,26,12
362,2017-06-14,4130,1495,128,67,121,26,12
363,2017-06-15,4132,1496,128,67,121,26,12
364,2017-06-16,4132,1496,128,67,121,26,12
365,2017-06-17,4142,1500,128,67,121,26,12
366,2017-06-18,4151,1500,128,67,121,26,12
367,2017-06-21,4161,1505,128,67,121,27,12
368,2017-06-23,4164,1505,128,67,121,27,12
369,2017-06-24,4189,1506,129,68,122,27,12
370,2017-06-27,4202,1519,129,68,122,27,12
371,2017-07-01,4233,1519,132,68,125,27,12
372,2017-07-26,4233,1520,132,68,125,27,12
373,2017-07-31,4234,1520,132,68,125,27,12
374,2017-08-04,4234,1520,132,68,125,27,12
375,2017-08-07,4237,1521,132,68,125,27,12
376,2017-11-09,4243,1521,132,69,125,27,12
377,2017-11-16,4257,1544,132,69,125,27,12
378,2017-11-17,4279,1548,132,69,127,27,12
379,2017-11-21,4282,1553,132,69,127,27,12
380,2017-11-23,4294,1559,132,69,127,27,12
381,2017-11-28,4298,1572,132,69,127,27,12
382,2017-12-02,4317,1595,132,73,132,27,12
383,2017-12-07,4340,1599,132,73,132,27,12
384,2017-12-08,4340,1599,132,73,132,27,12
385,2017-12-12,4349,1611,132,75,132,27,12
386,2017-12-31,4351,1611,132,75,132,27,12
387,2018-01-02,4362,1611,132,75,132,27,12
388,2018-01-03,4369,1613,132,75,133,27,12
389,2018-01-04,4392,1619,132,75,133,27,12
390,2018-01-05,4398,1619,132,75,133,27,12
391,2018-01-06,4405,1619,132,75,133,27,12
392,2018-01-07,4409,1619,132,75,133,27,12
393,2018-01-08,4429,1626,132,78,137,27,12
394,2018-01-10,4440,1642,132,78,137,27,12
395,2018-01-11,4466,1654,133,79,138,30,13
396,2018-01-13,4497,1654,134,80,143,32,14
397,2018-01-14,4504,1654,134,80,143,32,14
398,2018-01-15,4524,1654,134,80,143,35,14
399,2018-01-16,4541,1657,134,84,144,35,14
400,2018-01-17,4560,1661,134,85,144,35,14
401,2018-01-18,4565,1661,134,85,144,35,14
402,2018-01-19,4578,1665,134,85,144,35,14
403,2018-01-20,4590,1665,135,86,145,35,14
404,2018-01-21,4596,1665,135,86,145,35,14
405,2018-01-22,4627,1676,135,88,145,35,14
406,2018-01-23,4644,1682,135,90,146,35,14
407,2018-01-24,4656,1686,135,91,146,35,14
408,2018-01-25,4669,1690,135,91,146,38,14
409,2018-01-26,4671,1691,135,91,146,38,14
410,2018-01-28,4692,1696,135,91,146,38,14
411,2018-01-29,4702,1696,139,95,146,38,14
412,2018-01-30,4718,1696,139,95,146,38,14
413,2018-01-31,4731,1707,139,100,146,38,14
414,2018-02-01,4745,1711,139,100,146,38,14
415,2018-02-04,4751,1711,139,100,146,38,14
416,2018-02-05,4761,1717,139,100,148,38,14
417,2018-02-06,4779,1717,139,105,149,38,15
418,2018-02-07,4795,1723,139,110,149,38,15
419,2018-02-08,4805,1723,139,110,149,38,15
420,2018-02-09,4810,1727,139,114,149,38,16
421,2018-02-10,4819,1727,139,118,149,38,23
422,2018-02-11,4827,1727,139,124,149,38,23
423,2018-02-12,4854,1728,139,124,149,40,23
424,2018-02-13,4903,1743,139,124,156,40,23
425,2018-02-14,4928,1745,140,126,157,41,24
426,2018-02-16,4935,1745,140,126,157,41,24
427,2018-02-17,4939,1745,140,126,157,41,24
428,2018-02-18,4945,1745,140,126,157,41,24
429,2018-02-19,4953,1745,140,126,157,41,24
430,2018-02-20,4963,1745,140,126,157,41,24
431,2018-02-22,4972,1745,140,126,157,41,24
432,2018-02-23,4979,1745,140,129,157,41,24
433,2018-02-24,4992,1747,142,131,158,43,26
434,2018-02-25,5000,1747,142,131,158,43,26
435,2018-02-26,5011,1747,142,131,158,43,26
436,2018-02-27,5016,1751,142,131,158,43,26
437,2018-02-28,5023,1751,142,131,158,43,26
438,2018-03-01,5063,1758,144,133,160,45,28
439,2018-03-02,5083,1761,146,138,163,47,30
440,2018-03-03,5096,1762,147,140,164,48,31
441,2018-03-04,5117,1767,154,144,169,52,34
442,2018-03-10,5144,1769,157,145,169,53,34
443,2018-03-12,5175,1769,159,150,172,55,35
444,2018-03-13,5193,1772,160,151,173,56,36
445,2018-03-14,5202,1773,160,160,173,56,36
446,2018-03-15,5218,1774,162,175,174,57,37
447,2018-03-18,5249,1785,166,176,175,58,38
448,2018-03-19,5281,1790,169,177,176,59,42
449,2018-03-20,5299,1799,173,177,176,59,43
450,2018-03-21,5332,1799,182,181,176,59,43
451,2018-03-22,5361,1804,182,181,176,59,43
452,2018-03-23,5386,1810,186,181,176,63,43
453,2018-03-24,5392,1810,186,182,176,63,43
454,2018-03-25,5397,1810,186,182,176,63,47
455,2018-03-26,5407,1817,186,182,176,63,47
456,2018-03-28,5434,1821,190,186,178,63,48
457,2018-03-29,5449,1823,190,189,178,63,48
458,2018-03-30,5456,1827,193,189,178,63,48
459,2018-03-31,5472,1827,193,193,178,63,54
460,2018-04-01,5472,1827,193,193,178,63,54
461,2018-04-02,5485,1829,194,195,180,64,56
462,2018-04-03,5502,1831,194,195,180,64,62
463,2018-04-04,5509,1839,197,199,180,64,62
464,2018-04-05,5512,1839,197,199,180,64,62
465,2018-04-06,5516,1839,197,199,180,64,62
466,2018-04-07,5520,1839,197,199,180,64,62
467,2018-04-08,5541,1850,197,199,180,64,62
468,2018-04-09,5553,1863,202,199,180,64,66
469,2018-04-10,5604,1863,202,199,182,64,68
470,2018-04-11,5644,1872,202,199,182,64,68
471,2018-04-12,5674,1887,205,199,182,64,68
472,2018-04-13,5712,1888,205,199,184,64,68
473,2018-04-14,5724,1888,205,204,184,64,68
474,2018-04-15,5748,1888,205,204,184,64,68
475,2018-04-16,5765,1891,205,204,184,64,73
476,2018-04-17,5777,1892,208,204,184,64,73
477,2018-04-18,5787,1894,208,204,184,64,73
478,2018-04-19,5805,1894,208,204,184,64,73
479,2018-04-20,5812,1895,208,206,184,64,77
480,2018-04-22,5827,1895,208,206,184,64,77
481,2018-04-23,5856,1897,213,206,184,64,77
482,2018-04-24,5889,1897,218,213,184,64,81
483,2018-04-25,5898,1899,222,213,184,64,81
484,2018-04-26,5927,1905,224,213,184,64,83
485,2018-04-27,5952,1910,236,219,184,65,84
486,2018-04-28,5992,1910,236,220,184,65,84
487,2018-04-29,6001,1910,236,220,184,65,84
488,2018-04-30,6008,1910,236,220,184,65,84
489,2018-05-01,6013,1910,236,220,184,65,84
490,2018-05-02,6040,1914,236,223,185,65,84
491,2018-05-03,6050,1914,240,223,185,65,84
492,2018-05-04,6073,1915,243,224,187,66,85
493,2018-05-05,6079,1915,243,224,187,66,85
494,2018-05-06,6085,1917,243,224,190,66,85
495,2018-05-07,6101,1937,248,224,190,66,90
496,2018-05-08,6121,1950,248,224,191,66,90
497,2018-05-09,6128,1969,248,224,191,66,90
498,2018-05-10,6133,1985,248,224,191,66,90
499,2018-05-11,6150,2006,248,226,192,66,98
500,2018-05-12,6161,2020,256,226,192,66,98
501,2018-05-13,6164,2020,261,226,192,66,98
502,2018-05-14,6182,2024,261,229,192,71,98
503,2018-05-15,6213,2025,261,231,193,71,106
504,2018-05-16,6243,2027,270,231,194,71,106
505,2018-05-17,6259,2027,270,234,194,71,106
506,2018-05-18,6275,2028,279,234,194,71,110
507,2018-05-19,6297,2032,279,235,195,72,110
508,2018-05-20,6313,2032,279,235,195,72,110
509,2018-05-21,6324,2032,279,235,195,72,110
510,2018-05-22,6342,2040,281,235,195,72,110
511,2018-05-23,6355,2044,281,240,195,73,115
512,2018-05-24,6367,2056,286,246,197,75,117
513,2018-05-26,6376,2056,286,246,197,75,117
514,2018-05-27,6379,2056,286,246,197,75,117
515,2018-05-28,6410,2057,286,250,198,75,118
516,2018-05-29,6439,2059,293,250,198,75,123
517,2018-05-30,6458,2064,293,253,201,75,123
518,2018-05-31,6474,2070,293,253,201,78,123
519,2018-06-01,6488,2070,296,253,201,78,127
520,2018-06-02,6503,2071,296,253,201,78,132
521,2018-06-03,6509,2071,296,253,201,78,132
522,2018-06-04,6517,2071,296,258,201,78,132
523,2018-06-05,6525,2085,304,258,201,78,136
524,2018-06-08,6538,2088,307,260,201,78,138
525,2018-06-09,6564,2088,307,260,201,78,138
526,2018-06-10,6618,2088,307,260,201,78,138
527,2018-06-11,6650,2095,310,260,201,78,143
528,2018-06-12,6667,2105,310,260,201,78,143
529,2018-06-13,6678,2108,310,260,201,78,143
530,2018-06-14,6737,2108,310,269,201,78,143
531,2018-06-15,6790,2110,314,269,201,78,143
532,2018-06-16,6800,2110,314,269,201,78,143
533,2018-06-17,6804,2110,314,279,201,78,143
534,2018-06-18,6809,2110,314,279,201,78,143
535,2018-06-19,6836,2115,324,279,203,78,143
536,2018-06-20,6859,2117,336,287,203,78,147
537,2018-06-22,6871,2117,338,287,203,78,147
538,2018-06-23,6901,2119,339,288,204,79,148
539,2018-06-24,6919,2119,339,291,204,79,148
540,2018-06-25,6937,2138,344,295,206,81,150
541,2018-06-26,6959,2144,345,298,211,82,154
542,2018-06-27,6971,2146,350,303,211,82,154
543,2018-06-28,6986,2153,350,305,211,82,158
544,2018-06-29,6999,2157,350,305,211,82,161
545,2018-06-30,7010,2159,350,305,211,82,164
546,2018-07-01,7019,2159,350,305,211,82,164
547,2018-07-02,7030,2159,352,305,212,82,164
548,2018-07-03,7036,2160,352,313,212,82,164
549,2018-07-05,7049,2166,358,316,212,82,164
550,2018-07-06,7074,2185,358,317,213,82,165
551,2018-07-07,7081,2203,358,317,213,82,165
552,2018-07-09,7101,2221,366,317,213,82,169
553,2018-07-10,7121,2239,373,318,213,82,169
554,2018-07-11,7129,2256,373,318,213,82,174
555,2018-07-12,7140,2256,373,318,213,82,174
556,2018-07-13,7159,2259,373,322,214,82,175
557,2018-07-14,7162,2259,373,322,214,82,175
558,2018-07-15,7167,2259,373,322,214,82,175
559,2018-07-16,7189,2269,373,322,214,82,175
560,2018-07-17,7201,2271,374,322,214,82,175
561,2018-07-18,7211,2273,374,325,214,82,175
562,2018-07-19,7232,2280,374,329,214,82,175
563,2018-07-21,7254,2280,374,329,214,82,175
564,2018-07-23,7302,2284,382,332,214,82,175
565,2018-07-24,7336,2289,382,332,214,82,175
566,2018-07-25,7371,2292,387,336,214,82,175
567,2018-07-27,7407,2294,387,338,214,89,180
568,2018-07-28,7441,2306,395,338,214,89,180
569,2018-07-29,7489,2306,395,338,214,89,180
570,2018-07-30,7496,2306,395,338,214,89,180
571,2018-07-31,7525,2315,395,339,215,89,181
572,2018-08-01,7528,2315,395,339,215,89,181
573,2018-08-02,7532,2315,395,339,215,89,181
574,2018-08-03,7534,2315,395,339,215,89,181
575,2018-08-04,7537,2315,395,339,215,89,181
576,2018-08-05,7545,2315,395,339,215,89,181
577,2018-08-06,7554,2315,395,339,215,89,181
578,2018-08-07,7556,2315,395,339,215,89,181
579,2018-08-08,7560,2315,395,339,215,89,181
580,2018-08-09,7563,2320,395,339,215,89,181
581,2018-08-10,7565,2320,395,339,215,89,181
582,2018-08-11,7567,2320,395,339,215,89,181
583,2018-08-12,7569,2324,395,339,215,89,181
584,2018-08-13,7570,2325,395,339,215,89,181
585,2018-08-14,7571,2325,395,339,215,89,181
586,2018-08-15,7579,2325,395,339,215,89,181
587,2018-08-16,7586,2327,395,339,215,89,181
588,2018-08-17,7598,2327,400,344,215,89,181
589,2018-08-18,7600,2330,400,344,215,89,181
590,2018-08-19,7613,2330,400,344,215,89,181
591,2018-08-20,7640,2340,403,346,215,89,182
592,2018-08-21,7651,2343,403,347,218,89,182
593,2018-08-22,7678,2345,403,351,220,89,188
594,2018-08-23,7697,2354,403,355,220,89,196
595,2018-08-24,7705,2355,404,355,221,89,196
596,2018-08-26,7714,2355,404,361,221,89,196
597,2018-08-27,7729,2357,405,361,221,89,202
598,2018-08-28,7757,2361,407,364,221,89,202
599,2018-08-29,7781,2367,413,365,222,94,208
600,2018-08-30,7804,2369,414,365,222,94,211
601,2018-09-01,7870,2379,420,368,227,98,214
602,2018-09-02,7921,2391,429,372,228,99,214
603,2018-09-04,7962,2392,432,373,229,100,215
604,2018-09-06,8012,2402,432,384,229,106,221
605,2018-09-07,8052,2406,436,390,229,106,229
606,2018-09-08,8062,2407,436,390,229,106,233
607,2018-09-09,8080,2407,442,390,229,106,233
608,2018-09-10,8105,2411,453,394,230,107,234
609,2018-09-11,8121,2411,460,394,230,107,242
610,2018-09-12,8130,2420,460,394,230,107,253
611,2018-09-13,8170,2430,460,394,230,107,261
612,2018-09-14,8197,2438,467,397,231,110,267
613,2018-09-15,8209,2438,472,397,231,110,267
614,2018-09-16,8214,2438,472,397,231,110,267
615,2018-09-17,8237,2438,477,399,244,110,267
616,2018-09-18,8255,2440,482,405,244,110,267
617,2018-09-19,8292,2458,482,419,244,110,276
618,2018-09-20,8318,2474,482,431,245,110,276
619,2018-09-21,8332,2474,482,438,245,110,276
620,2018-09-22,8347,2475,482,439,245,121,284
621,2018-09-23,8351,2475,482,439,245,121,284
622,2018-09-24,8352,2475,482,439,245,121,284
623,2018-09-25,8355,2475,482,443,245,121,286
624,2018-09-26,8371,2478,482,447,245,138,286
625,2018-09-27,8389,2478,492,447,245,139,286
626,2018-09-28,8446,2482,492,455,245,139,288
627,2018-09-29,8481,2492,492,456,245,150,292
628,2018-09-30,8516,2516,495,462,248,153,297
629,2018-10-01,8516,2516,495,462,248,153,297
630,2018-10-02,8516,2516,495,462,248,153,297
631,2018-10-03,8522,2516,495,462,248,153,297
632,2018-10-04,8525,2518,495,462,248,153,297
633,2018-10-05,8526,2518,495,462,248,153,297
634,2018-10-06,8528,2518,495,462,248,153,297
635,2018-10-07,8532,2518,495,462,248,153,297
636,2018-10-08,8543,2523,495,462,248,153,297
637,2018-10-09,8573,2529,499,462,248,158,303
638,2018-10-11,8581,2536,502,462,248,158,303
639,2018-10-12,8593,2554,502,462,248,158,305
640,2018-10-13,8600,2569,502,462,248,158,305
641,2018-10-14,8618,2581,502,462,248,158,305
642,2018-10-15,8631,2596,504,462,249,158,306
643,2018-10-16,8656,2609,507,462,249,158,306
644,2018-10-17,8674,2626,507,471,249,158,306
645,2018-10-18,8694,2639,509,473,251,160,313
646,2018-10-19,8709,2660,509,473,251,160,313
647,2018-10-20,8722,2678,509,473,251,160,313
648,2018-10-21,8731,2678,509,473,251,160,313
649,2018-10-22,8743,2679,511,474,256,161,314
650,2018-10-23,8754,2681,512,474,256,161,316
651,2018-10-24,8767,2683,519,475,256,161,321
652,2018-10-25,8816,2693,527,482,256,161,321
653,2018-10-26,8840,2710,528,483,256,161,321
654,2018-10-27,8845,2712,528,484,256,161,321
655,2018-10-28,8851,2712,528,484,256,161,321
656,2018-10-29,8876,2715,528,484,257,161,325
657,2018-10-30,8893,2718,529,489,258,166,326
658,2018-10-31,8902,2718,529,489,258,166,326
659,2018-11-01,8936,2731,529,490,259,166,327
660,2018-11-04,8958,2731,529,490,259,166,327
661,2018-11-05,9034,2731,534,493,259,166,327
662,2018-11-06,9057,2746,534,500,259,166,327
663,2018-11-07,9092,2759,535,501,259,166,331
664,2018-11-08,9121,2770,538,501,259,166,332
665,2018-11-09,9133,2772,538,502,260,173,341
666,2018-11-10,9139,2772,538,502,260,173,341
667,2018-11-11,9146,2772,538,502,260,173,341
668,2018-11-12,9164,2782,538,502,260,173,342
669,2018-11-13,9185,2795,539,503,264,174,346
670,2018-11-14,9211,2814,539,503,265,174,347
671,2018-11-15,9219,2831,539,509,265,174,347
672,2018-11-16,9289,2849,539,515,265,174,347
673,2018-11-17,9332,2849,539,515,265,174,347
674,2018-11-18,9353,2849,539,515,265,174,347
675,2018-11-19,9392,2856,544,515,265,174,347
676,2018-11-20,9414,2862,544,515,265,174,351
677,2018-11-21,9458,2864,544,518,265,174,363
678,2018-11-22,9472,2868,544,520,265,174,363
679,2018-11-23,9507,2869,546,523,266,175,364
680,2018-11-24,9515,2869,547,523,266,175,364
681,2018-11-25,9519,2869,547,523,266,175,364
682,2018-11-26,9524,2869,547,523,266,175,364
683,2018-11-27,9537,2877,550,526,266,175,364
684,2018-11-28,9569,2879,550,527,266,175,364
685,2018-11-30,9599,2892,550,531,266,175,368
686,2018-12-01,9652,2892,550,531,266,175,368
687,2018-12-02,9687,2892,560,531,266,175,368
688,2018-12-03,9739,2897,565,531,266,175,368
689,2018-12-04,9782,2901,569,537,266,175,368
690,2018-12-05,9807,2904,569,537,266,175,368
691,2018-12-06,9861,2904,569,537,266,175,368
692,2018-12-07,9879,2910,569,538,266,175,369
693,2018-12-08,9890,2910,569,538,266,175,369
694,2018-12-09,9899,2910,569,549,266,175,369
695,2018-12-10,9923,2914,569,559,266,175,369
696,2018-12-11,9935,2914,569,568,266,175,369
697,2018-12-12,9963,2919,577,579,267,176,370
698,2018-12-13,9987,2925,580,591,268,176,371
699,2018-12-14,10001,2925,582,598,268,176,375
700,2018-12-15,10009,2926,583,599,269,176,376
701,2018-12-16,10025,2926,583,599,269,176,376
702,2018-12-17,10040,2937,583,600,269,176,379
703,2018-12-18,10084,2940,584,601,271,177,383
704,2018-12-19,10102,2940,584,601,271,177,383
705,2018-12-20,10116,2943,584,601,271,177,383
706,2018-12-21,10148,2947,587,604,274,180,386
707,2018-12-22,10160,2949,587,605,274,180,386
708,2018-12-23,10166,2949,588,605,274,180,386
709,2018-12-24,10182,2951,590,608,277,182,386
710,2018-12-25,10191,2951,591,608,277,182,386
711,2018-12-27,10199,2951,591,608,277,182,386
712,2018-12-28,10212,2951,596,608,277,182,386
713,2018-12-29,10241,2955,597,610,278,183,387
714,2018-12-30,10257,2956,598,611,279,184,388
715,2018-12-31,10265,2958,598,611,279,184,388
716,2019-01-01,10287,2960,598,611,281,184,388
717,2019-01-02,10307,2963,599,613,281,184,388
718,2019-01-03,10328,2963,599,613,281,184,388
719,2019-01-04,10345,2970,599,613,281,184,392
720,2019-01-05,10351,2970,599,613,281,184,398
721,2019-01-06,10363,2970,599,613,281,184,398
722,2019-01-07,10377,2970,599,613,285,184,398
723,2019-01-08,10389,2976,599,613,286,184,400
724,2019-01-09,10395,2980,599,613,286,184,404
725,2019-01-10,10411,2984,599,613,287,184,408
726,2019-01-11,10426,2985,600,616,288,187,409
727,2019-01-12,10438,2985,600,616,288,187,409
728,2019-01-13,10453,2986,601,617,289,189,410
729,2019-01-14,10469,2994,602,623,289,189,412
730,2019-01-15,10480,2998,605,623,293,189,412
731,2019-01-16,10508,3002,607,626,294,189,414
732,2019-01-17,10518,3006,607,629,294,189,415
733,2019-01-19,10526,3006,607,629,294,189,415
734,2019-01-20,10535,3014,607,629,294,189,416
735,2019-01-21,10558,3016,612,633,295,190,417
736,2019-01-22,10575,3024,614,640,295,190,417
737,2019-01-23,10582,3025,614,644,296,190,417
738,2019-01-24,10591,3025,614,644,299,190,417
739,2019-01-25,10622,3031,619,644,299,190,417
740,2019-01-26,10636,3031,619,644,299,190,417
741,2019-01-27,10642,3031,619,644,299,190,417
742,2019-01-28,10674,3031,619,646,300,190,418
743,2019-01-29,10683,3031,621,646,300,190,423
744,2019-01-30,10693,3033,635,646,304,190,423
745,2019-01-31,10718,3040,638,646,311,190,424
746,2019-02-01,10722,3044,638,649,311,190,424
747,2019-02-02,10757,3057,638,649,311,190,424
748,2019-02-03,10768,3059,639,650,312,191,425
749,2019-02-04,10775,3062,639,650,312,191,425
750,2019-02-05,10779,3062,639,650,312,191,425
751,2019-02-06,10782,3062,639,650,312,191,425
752,2019-02-07,10784,3062,639,650,312,191,425
753,2019-02-08,10787,3065,639,650,312,191,425
754,2019-02-09,10789,3065,639,650,312,191,425
755,2019-02-10,10793,3065,639,650,312,191,425
756,2019-02-11,10798,3067,639,650,312,191,425
757,2019-02-12,10802,3067,639,650,312,191,428
758,2019-02-13,10807,3067,639,650,312,191,433
759,2019-02-14,10809,3067,639,650,312,191,433
760,2019-02-15,10824,3068,641,650,312,191,436
761,2019-02-16,10827,3068,641,650,312,191,436
762,2019-02-17,10830,3068,641,650,312,191,436
763,2019-02-18,10836,3068,644,650,312,191,440
764,2019-02-19,10848,3068,649,650,312,191,440
765,2019-02-20,10870,3071,650,652,313,194,441
766,2019-02-21,10881,3071,650,652,313,194,441
767,2019-02-22,10893,3071,650,652,313,194,447
768,2019-02-23,10904,3071,650,652,313,194,447
769,2019-02-24,10910,3071,650,652,313,194,447
770,2019-02-25,10913,3072,651,652,314,194,447
771,2019-02-26,10928,3072,656,653,314,202,455
772,2019-02-27,10937,3072,662,653,314,202,459
773,2019-02-28,10952,3072,666,654,314,202,463
774,2019-03-01,10972,3072,666,654,316,202,466
775,2019-03-02,10987,3074,666,655,316,202,466
776,2019-03-03,10995,3074,666,655,316,202,466
777,2019-03-04,11022,3079,676,659,320,207,471
778,2019-03-05,11074,3095,683,665,326,214,477
779,2019-03-06,11105,3102,683,667,326,214,483
780,2019-03-07,11147,3109,687,671,330,218,486
781,2019-03-08,11175,3113,694,672,334,219,489
782,2019-03-09,11203,3119,701,676,335,224,490
783,2019-03-10,11217,3119,706,681,340,229,490
784,2019-03-11,11231,3120,707,682,340,229,490
785,2019-03-12,11254,3121,712,686,345,234,493
786,2019-03-13,11263,3122,713,696,346,235,494
787,2019-03-14,11267,3123,718,696,346,235,494
788,2019-03-15,11284,3133,726,697,347,236,495
789,2019-03-16,11299,3137,733,697,347,236,495
790,2019-03-17,11301,3138,733,697,347,236,495
791,2019-03-18,11332,3140,735,697,348,236,500
792,2019-03-19,11346,3142,739,701,350,236,508
793,2019-03-20,11387,3144,739,701,350,241,508
794,2019-03-21,11414,3144,739,701,350,241,508
795,2019-03-22,11444,3160,742,701,350,241,514
796,2019-03-23,11487,3160,742,701,350,241,514
797,2019-03-24,11523,3160,742,701,350,241,517
798,2019-03-25,11556,3168,747,708,350,241,522
799,2019-03-26,11581,3170,757,711,350,241,522
800,2019-03-27,11668,3187,757,711,350,241,526
801,2019-03-28,11685,3208,757,716,350,241,526
802,2019-03-29,11694,3214,757,717,350,241,531
803,2019-03-30,11696,3217,757,717,350,241,531
804,2019-03-31,11704,3217,757,717,350,241,531
805,2019-04-01,11725,3226,757,725,350,241,531
806,2019-04-02,11736,3231,760,725,350,241,531
807,2019-04-03,11746,3233,762,725,350,249,535
808,2019-04-04,11754,3237,762,725,350,249,540
809,2019-04-05,11755,3237,762,725,350,249,540
810,2019-04-06,11756,3237,762,725,350,249,540
811,2019-04-07,11758,3237,762,725,350,249,540
812,2019-04-08,11770,3240,763,726,351,250,541
813,2019-04-10,11779,3259,763,726,351,250,541
814,2019-04-11,11792,3279,770,726,351,253,544
815,2019-04-12,11803,3297,772,727,351,253,549
816,2019-04-13,11805,3311,772,727,351,253,549
817,2019-04-14,11809,3311,772,727,351,253,549
818,2019-04-15,11812,3318,775,730,351,253,549
819,2019-04-16,11816,3318,778,730,351,253,554
820,2019-04-17,11845,3320,783,736,351,253,554
821,2019-04-18,11849,3323,783,736,351,253,554
822,2019-04-19,11871,3324,783,736,351,253,554
823,2019-04-20,11878,3324,785,736,351,253,554
824,2019-04-21,11891,3324,790,736,351,253,554
825,2019-04-22,11903,3328,794,739,354,255,557
826,2019-04-23,11931,3333,799,739,354,256,562
827,2019-04-24,11983,3344,807,742,354,256,565
828,2019-04-25,12034,3354,807,746,360,260,571
829,2019-04-26,12116,3364,817,750,366,263,578
830,2019-04-27,12154,3378,818,751,367,264,580
831,2019-04-28,12206,3394,818,755,374,267,583
832,2019-04-29,12267,3402,818,755,374,271,583
833,2019-04-30,12311,3406,818,755,374,271,583
834,2019-05-01,12327,3406,818,755,374,271,583
835,2019-05-02,12335,3406,818,755,374,271,583
836,2019-05-03,12339,3406,818,755,374,271,583
837,2019-05-04,12343,3406,818,755,374,271,583
838,2019-05-05,12366,3408,819,763,374,271,583
839,2019-05-06,12375,3414,819,770,374,271,583
840,2019-05-07,12384,3414,824,770,374,271,583
841,2019-05-08,12402,3418,824,770,375,271,584
842,2019-05-09,12415,3418,824,770,375,271,584
843,2019-05-10,12423,3420,824,776,375,271,586
844,2019-05-11,12426,3425,824,776,375,271,587
845,2019-05-12,12430,3425,826,776,375,271,587
846,2019-05-13,12448,3427,830,781,375,271,587
847,2019-05-14,12479,3427,833,786,375,271,587
848,2019-05-15,12514,3432,833,786,380,271,587
849,2019-05-18,12517,3432,833,786,380,271,587
850,2019-05-19,12526,3432,840,786,380,271,587
851,2019-05-20,12537,3433,840,786,380,271,587
852,2019-05-21,12558,3433,840,790,380,271,591
853,2019-05-22,12599,3435,850,794,380,272,591
854,2019-05-23,12607,3441,850,794,380,272,593
855,2019-05-24,12621,3441,861,799,380,272,593
856,2019-05-25,12623,3446,861,799,380,272,593
857,2019-05-26,12629,3455,861,799,380,272,593
858,2019-05-27,12632,3461,864,804,380,272,593
859,2019-05-28,12655,3465,867,805,380,272,593
860,2019-05-29,12674,3468,870,811,381,272,594
861,2019-05-30,12693,3471,870,814,381,272,594
862,2019-05-31,12707,3478,871,815,383,273,595
863,2019-06-01,12723,3478,871,815,383,273,595
864,2019-06-02,12730,3478,871,815,383,273,595
865,2019-06-03,12741,3478,871,815,383,273,595
866,2019-06-04,12751,3478,871,815,383,273,599
867,2019-06-05,12780,3480,871,815,383,273,607
868,2019-06-06,12827,3485,879,819,383,273,608
869,2019-06-07,12861,3485,884,819,383,273,608
870,2019-06-08,12895,3485,884,819,383,273,608
871,2019-06-09,12919,3485,884,819,383,273,608
872,2019-06-10,12933,3487,887,822,383,273,608
873,2019-06-11,12940,3494,887,822,383,273,608
874,2019-06-12,12958,3496,887,825,383,273,608
875,2019-06-14,13007,3508,888,827,383,273,609
876,2019-06-15,13062,3508,888,827,383,273,609
877,2019-06-16,13121,3508,888,835,383,273,609
878,2019-06-17,13140,3512,894,837,383,273,609
879,2019-06-18,13155,3514,894,840,383,273,609
880,2019-06-19,13175,3514,902,847,383,273,609
881,2019-06-20,13204,3520,902,850,383,273,609
882,2019-06-21,13259,3522,902,850,383,278,609
883,2019-06-22,13301,3525,902,850,383,278,609
884,2019-06-23,13304,3525,902,850,383,278,609
885,2019-06-24,13319,3525,902,850,383,278,609
886,2019-06-25,13347,3536,908,850,384,278,610
887,2019-06-26,13354,3538,911,854,384,278,615
888,2019-06-27,13382,3543,916,858,384,278,615
889,2019-06-28,13431,3547,920,860,384,278,615
890,2019-06-29,13474,3547,926,866,384,278,615
891,2019-06-30,13511,3547,931,866,384,278,615
892,2019-07-01,13528,3569,931,866,384,278,615
893,2019-07-02,13541,3577,931,866,384,278,615
894,2019-07-03,13556,3586,938,870,384,278,615
895,2019-07-04,13566,3593,943,870,384,278,615
896,2019-07-05,13583,3597,947,871,386,279,616
897,2019-07-06,13596,3597,947,871,386,279,616
898,2019-07-07,13609,3597,947,871,386,279,616
899,2019-07-08,13617,3600,947,875,386,279,617
900,2019-07-09,13639,3603,947,879,388,280,618
901,2019-07-10,13651,3605,948,879,388,280,618
902,2019-07-11,13668,3610,953,879,388,280,619
903,2019-07-12,13688,3613,958,884,388,280,624
904,2019-07-13,13695,3613,958,884,388,280,624
905,2019-07-14,13701,3613,958,884,388,280,624
906,2019-07-15,13714,3613,958,884,388,280,624
907,2019-07-16,13724,3618,958,889,388,280,625
908,2019-07-17,13739,3620,961,889,389,280,625
909,2019-07-18,13752,3623,963,898,389,280,629
910,2019-07-19,13760,3629,963,902,389,284,629
911,2019-07-20,13763,3629,963,902,389,284,629
912,2019-07-21,13767,3629,963,902,389,284,629
913,2019-07-22,13788,3633,966,902,389,284,629
914,2019-07-23,13796,3643,966,903,389,284,629
915,2019-07-24,13816,3648,966,906,390,289,630
916,2019-07-25,13829,3654,972,910,390,289,634
917,2019-07-26,13843,3657,976,911,391,289,637
918,2019-07-27,13850,3657,976,911,395,289,637
919,2019-07-28,13857,3657,976,911,395,289,637
920,2019-07-29,13864,3661,978,913,397,291,639
921,2019-07-30,13880,3663,978,914,398,291,640
922,2019-07-31,13932,3669,981,918,398,291,640
923,2019-08-01,13942,3669,981,918,398,291,640
924,2019-08-02,13977,3669,981,918,398,291,640
925,2019-08-03,13999,3669,981,918,398,291,640
926,2019-08-04,14021,3669,981,918,398,291,640
927,2019-08-05,14026,3669,981,918,398,291,640
928,2019-08-06,14045,3669,981,918,398,291,640
929,2019-08-07,14053,3669,981,918,398,291,640
930,2019-08-08,14058,3669,981,918,398,291,640
931,2019-08-09,14060,3671,981,918,398,291,640
932,2019-08-10,14064,3671,981,918,398,291,640
933,2019-08-11,14069,3671,981,918,398,291,640
934,2019-08-12,14072,3671,981,918,398,291,640
935,2019-08-13,14076,3671,981,918,398,291,640
936,2019-08-14,14080,3671,982,918,398,291,640
937,2019-08-16,14092,3673,983,918,398,291,640
938,2019-08-17,14094,3673,983,918,398,291,640
939,2019-08-19,14106,3680,986,918,398,291,640
940,2019-08-20,14112,3689,986,918,398,291,640
941,2019-08-21,14113,3692,986,918,398,291,640
942,2019-08-22,14169,3696,987,924,398,291,644
943,2019-08-23,14189,3696,989,924,398,291,644
944,2019-08-24,14190,3696,991,924,398,291,644
945,2019-08-25,14195,3696,999,924,398,291,644
946,2019-08-26,14206,3697,1005,925,399,291,645
947,2019-08-27,14209,3701,1005,927,399,291,645
948,2019-08-28,14227,3703,1005,931,399,291,649
949,2019-08-29,14235,3703,1005,935,399,291,653
950,2019-08-30,14248,3707,1005,936,399,291,653
951,2019-08-31,14265,3707,1005,936,399,291,653
952,2019-09-01,14275,3707,1005,936,399,291,653
953,2019-09-02,14283,3709,1005,936,400,291,653
954,2019-09-03,14298,3714,1005,936,401,291,653
955,2019-09-04,14317,3721,1005,945,401,291,657
956,2019-09-05,14342,3724,1011,945,402,291,657
957,2019-09-06,14362,3735,1017,950,402,295,662
958,2019-09-07,14370,3743,1017,952,405,295,662
959,2019-09-08,14373,3743,1017,952,405,295,662
960,2019-09-09,14388,3745,1017,956,405,295,662
961,2019-09-10,14402,3751,1019,960,406,296,662
962,2019-09-11,14428,3762,1023,964,406,302,664
963,2019-09-12,14452,3767,1026,964,407,302,668
964,2019-09-13,14457,3767,1026,964,407,302,668
965,2019-09-14,14461,3767,1026,964,407,302,668
966,2019-09-15,14463,3767,1026,964,407,302,668
967,2019-09-16,14478,3770,1028,969,407,302,668
968,2019-09-17,14485,3779,1032,969,407,302,668
969,2019-09-18,14486,3788,1032,969,407,302,672
970,2019-09-19,14500,3799,1032,969,407,302,674
971,2019-09-20,14522,3800,1032,971,408,303,675
972,2019-09-21,14541,3800,1040,973,408,303,686
973,2019-09-22,14548,3800,1040,973,408,303,691
974,2019-09-23,14580,3808,1041,977,411,305,693
975,2019-09-24,14601,3815,1047,977,411,305,693
976,2019-09-25,14616,3815,1054,983,412,305,693
977,2019-09-26,14627,3817,1054,983,412,305,693
978,2019-09-27,14657,3820,1054,991,413,306,698
979,2019-09-28,14672,3820,1065,997,413,306,698
980,2019-09-29,14696,3821,1066,998,415,307,699
981,2019-09-30,14736,3839,1071,1003,420,312,705
982,2019-10-01,14741,3839,1071,1003,420,312,705
983,2019-10-02,14762,3843,1072,1004,421,313,706
984,2019-10-03,14776,3843,1072,1004,421,313,706
985,2019-10-04,14789,3843,1072,1004,421,313,706
986,2019-10-05,14796,3843,1072,1004,421,313,706
987,2019-10-06,14811,3843,1072,1004,421,313,706
988,2019-10-07,14829,3848,1073,1005,421,313,706
989,2019-10-08,14835,3857,1073,1005,421,313,706
990,2019-10-09,14859,3871,1076,1005,421,313,706
991,2019-10-10,14882,3883,1079,1005,421,313,712
992,2019-10-11,14917,3883,1079,1006,421,313,712
993,2019-10-12,14938,3888,1079,1006,421,313,713
994,2019-10-13,14994,3888,1079,1006,421,313,713
995,2019-10-14,15040,3893,1081,1006,421,313,713
996,2019-10-15,15055,3909,1081,1006,421,313,718
997,2019-10-16,15091,3914,1085,1007,423,314,726
998,2019-10-17,15108,3922,1087,1012,425,316,728
999,2019-10-18,15132,3927,1087,1014,425,316,728
1000,2019-10-19,15150,3927,1087,1014,425,316,733
1001,2019-10-20,15155,3927,1087,1014,425,322,733
1002,2019-10-21,15172,3927,1089,1020,425,322,733
1003,2019-10-22,15181,3927,1089,1020,425,322,741
1004,2019-10-23,15189,3934,1090,1020,425,322,749
1005,2019-10-24,15201,3937,1094,1020,425,322,749
1006,2019-10-26,15212,3939,1101,1020,425,322,749
1007,2019-10-27,15223,3941,1101,1026,427,322,749
1008,2019-10-28,15228,3941,1101,1026,427,322,749
1009,2019-10-29,15256,3945,1101,1026,427,322,749
1010,2019-10-30,15268,3945,1101,1026,427,322,749
1011,2019-10-31,15273,3947,1101,1026,427,322,749
1012,2019-11-01,15300,3954,1103,1030,429,324,750
1013,2019-11-02,15307,3974,1103,1030,429,324,755
1014,2019-11-03,15332,3991,1103,1030,429,324,755
1015,2019-11-04,15357,4006,1106,1037,429,324,759
1016,2019-11-05,15377,4009,1106,1037,429,324,759
1017,2019-11-06,15410,4032,1111,1038,429,324,766
1018,2019-11-07,15448,4035,1114,1045,432,324,771
1019,2019-11-08,15468,4043,1114,1050,432,324,771
1020,2019-11-09,15481,4043,1114,1051,432,324,775
1021,2019-11-10,15510,4043,1114,1051,432,324,775
1022,2019-11-11,15532,4043,1114,1051,432,324,784
1023,2019-11-12,15560,4049,1114,1051,432,324,790
1024,2019-11-13,15583,4051,1114,1059,432,324,790
1025,2019-11-14,15610,4055,1114,1059,432,324,790
1026,2019-11-15,15649,4071,1114,1059,432,330,790
1027,2019-11-16,15682,4071,1114,1068,432,330,790
1028,2019-11-17,15702,4071,1114,1068,432,330,790
1029,2019-11-18,15713,4077,1114,1068,435,330,790
1030,2019-11-19,15718,4077,1114,1077,435,330,790
1031,2019-11-20,15722,4083,1114,1077,435,330,790
1032,2019-11-21,15728,4091,1114,1077,435,330,790
1033,2019-11-22,15750,4099,1114,1078,435,330,790
1034,2019-11-23,15754,4104,1114,1078,435,330,790
1035,2019-11-24,15758,4104,1114,1078,435,330,790
1036,2019-11-25,15769,4104,1114,1078,435,330,790
1037,2019-11-26,15777,4110,1114,1079,436,330,797
1038,2019-11-27,15799,4117,1114,1079,436,330,797
1039,2019-11-28,15806,4117,1114,1079,436,330,797
1040,2019-11-29,15811,4117,1114,1079,436,330,797
1041,2019-11-30,15825,4119,1114,1079,436,330,797
1042,2019-12-01,15829,4119,1114,1079,436,330,797
1043,2019-12-03,15852,4126,1117,1082,436,330,803
1044,2019-12-04,15862,4128,1120,1082,436,333,806
1045,2019-12-05,15866,4128,1120,1083,436,333,806
1046,2019-12-06,15880,4130,1120,1084,437,333,810
1047,2019-12-07,15883,4130,1120,1084,437,333,810
1048,2019-12-08,15886,4130,1120,1084,437,333,810
1049,2019-12-09,15900,4132,1120,1084,437,333,814
1050,2019-12-10,15902,4133,1125,1084,437,333,814
1051,2019-12-11,15908,4133,1125,1084,437,333,814
1052,2019-12-12,15921,4135,1126,1085,438,334,815
1053,2019-12-13,15934,4141,1126,1085,438,334,815
1054,2019-12-14,15938,4141,1126,1090,438,334,815
1055,2019-12-15,15943,4144,1126,1090,438,334,815
1056,2019-12-17,15963,4144,1131,1094,438,334,815
1057,2019-12-19,16022,4149,1131,1094,438,334,820
1058,2019-12-20,16080,4149,1131,1094,438,334,820
1059,2019-12-21,16096,4149,1131,1094,438,334,820
1060,2019-12-22,16105,4152,1131,1094,438,334,820
1061,2019-12-23,16122,4162,1132,1094,438,334,820
1062,2019-12-24,16132,4178,1137,1094,438,334,820
1063,2019-12-25,16139,4188,1138,1094,438,334,820
1064,2019-12-26,16144,4188,1138,1094,438,334,820
1065,2019-12-27,16147,4188,1138,1094,438,334,820
1066,2019-12-28,16152,4188,1143,1094,438,334,820
1067,2019-12-29,16158,4188,1143,1094,438,334,820
1068,2019-12-30,16166,4189,1143,1094,438,334,820
1069,2019-12-31,16190,4194,1144,1096,439,335,821
1070,2020-01-01,16202,4195,1145,1097,440,336,822
1071,2020-01-02,16228,4197,1145,1097,440,338,826
1072,2020-01-03,16254,4198,1145,1097,445,338,827
1073,2020-01-05,16266,4198,1145,1097,445,338,827
1074,2020-01-06,16296,4207,1148,1097,445,338,827
1075,2020-01-07,16305,4209,1148,1097,445,338,831
1076,2020-01-08,16317,4212,1149,1098,447,339,832
1077,2020-01-09,16341,4212,1152,1101,447,339,836
1078,2020-01-10,16365,4219,1152,1102,448,339,838
1079,2020-01-11,16375,4222,1152,1102,448,339,838
1080,2020-01-12,16380,4222,1152,1102,448,339,838
1081,2020-01-13,16389,4222,1152,1102,448,339,838
1082,2020-01-14,16408,4228,1152,1102,448,339,843
1083,2020-01-15,16429,4233,1153,1105,449,341,845
1084,2020-01-16,16476,4235,1160,1108,449,341,847
1085,2020-01-17,16515,4245,1160,1109,449,341,847
1086,2020-01-18,16584,4248,1160,1112,449,341,847
1087,2020-01-19,16613,4248,1160,1116,449,341,851
1088,2020-01-20,16633,4254,1164,1120,449,341,851
1089,2020-01-21,16635,4254,1164,1121,449,341,851
1090,2020-01-22,16673,4266,1164,1121,455,341,862
1091,2020-01-23,16673,4266,1164,1121,455,341,862
1092,2020-01-24,16679,4268,1164,1121,455,341,862
1093,2020-01-25,16688,4268,1164,1121,455,341,862
1094,2020-01-26,16694,4270,1164,1121,456,341,862
1095,2020-01-27,16703,4279,1164,1121,456,341,862
1096,2020-01-28,16715,4279,1164,1121,456,341,862
1097,2020-01-29,16725,4281,1164,1121,457,341,862
1098,2020-01-30,16731,4289,1164,1121,457,341,862
1099,2020-01-31,16737,4291,1164,1121,458,341,862
1100,2020-02-01,16751,4303,1164,1121,458,341,862
1101,2020-02-02,16759,4305,1164,1121,459,341,862
1102,2020-02-03,16760,4305,1164,1121,459,341,862
1103,2020-02-04,16772,4307,1164,1121,460,341,862
1104,2020-02-05,16795,4314,1165,1121,461,341,862
1105,2020-02-06,16802,4316,1165,1121,462,341,862
1106,2020-02-07,16820,4317,1165,1121,462,341,864
1107,2020-02-08,16826,4317,1165,1121,462,341,864
1108,2020-02-09,16835,4325,1165,1121,462,341,864
1109,2020-02-10,16839,4329,1165,1121,463,341,864
1110,2020-02-11,16852,4329,1165,1121,463,341,864
1111,2020-02-12,16870,4331,1165,1121,463,341,864
1112,2020-02-13,16876,4333,1165,1121,464,341,864
1113,2020-02-14,16891,4342,1165,1121,465,341,865
1114,2020-02-15,16897,4342,1165,1121,465,341,865
1115,2020-02-16,16898,4342,1165,1121,465,341,865
1116,2020-02-17,16901,4344,1167,1123,466,341,865
1117,2020-02-18,16912,4346,1167,1126,466,341,865
1118,2020-02-19,16917,4346,1167,1126,466,341,865
1119,2020-02-20,16931,4348,1167,1126,467,341,865
1120,2020-02-21,16938,4356,1167,1126,467,341,865
1121,2020-02-22,16946,4357,1167,1126,467,341,869
1122,2020-02-23,16954,4357,1167,1126,467,341,869
1123,2020-02-24,16971,4359,1174,1126,468,343,869
1124,2020-02-25,17002,4363,1174,1126,468,343,869
1125,2020-02-26,17015,4364,1175,1127,469,344,870
1126,2020-02-27,17035,4370,1175,1127,470,344,870
1127,2020-02-28,17039,4377,1175,1127,470,344,870
1128,2020-02-29,17056,4377,1175,1127,470,344,870
1129,2020-03-01,17058,4377,1175,1127,470,344,870
1130,2020-03-02,17081,4379,1175,1127,471,344,870
1131,2020-03-03,17086,4381,1175,1127,471,344,870
1132,2020-03-04,17091,4381,1175,1127,471,344,870
1133,2020-03-05,17096,4383,1175,1127,472,344,870
1134,2020-03-06,17100,4384,1175,1127,472,344,870
1135,2020-03-07,17103,4384,1175,1127,472,344,870
1136,2020-03-08,17114,4384,1175,1127,472,344,870
1137,2020-03-09,17122,4389,1175,1127,473,344,870
1138,2020-03-10,17128,4391,1175,1127,473,344,870
1139,2020-03-11,17140,4393,1175,1127,473,344,870
1140,2020-03-12,17147,4396,1175,1127,474,344,870
1141,2020-03-13,17162,4406,1175,1127,474,344,870
1142,2020-03-14,17186,4406,1175,1127,474,344,870
1143,2020-03-15,17197,4406,1175,1127,474,344,870
1144,2020-03-16,17209,4408,1175,1127,475,344,870
1145,2020-03-17,17227,4414,1178,1127,475,344,870
1146,2020-03-18,17235,4414,1178,1127,475,344,870
1147,2020-03-19,17244,4421,1178,1127,476,344,870
1148,2020-03-20,17254,4432,1178,1127,476,344,871
1149,2020-03-21,17269,4432,1178,1128,476,344,871
1150,2020-03-22,17273,4432,1178,1128,476,344,871
1151,2020-03-23,17278,4435,1178,1128,477,344,871
1152,2020-03-24,17296,4437,1178,1132,477,344,871
1153,2020-03-25,17316,4437,1178,1132,477,344,871
1154,2020-03-26,17336,4439,1183,1132,478,344,875
1155,2020-03-27,17358,4439,1183,1132,479,344,875
1156,2020-03-28,17370,4444,1183,1132,479,344,875
1157,2020-03-29,17382,4444,1183,1132,479,344,875
1158,2020-03-30,17385,4446,1183,1136,480,344,875
1159,2020-03-31,17391,4451,1183,1136,480,344,875
1160,2020-04-01,17438,4459,1183,1136,480,344,875
1161,2020-04-02,17454,4466,1183,1136,481,344,875
1162,2020-04-03,17480,4472,1184,1137,482,345,876
1163,2020-04-04,17483,4473,1185,1138,483,346,877
1164,2020-04-05,17484,4473,1185,1138,483,346,877
1165,2020-04-06,17487,4475,1185,1138,484,346,877
1166,2020-04-07,17490,4477,1185,1138,484,346,877
1167,2020-04-08,17496,4481,1185,1138,484,346,877
1168,2020-04-09,17511,4483,1185,1138,485,346,877
1169,2020-04-10,17527,4486,1185,1138,485,346,877
1170,2020-04-11,17536,4486,1185,1138,485,346,877
1171,2020-04-12,17540,4486,1185,1138,485,346,877
1172,2020-04-13,17547,4490,1185,1141,486,346,877
1173,2020-04-15,17563,4490,1185,1141,486,346,877
1174,2020-04-16,17573,4492,1185,1141,487,346,877
1175,2020-04-17,17591,4498,1187,1142,487,346,877
1176,2020-04-18,17595,4498,1187,1142,487,346,877
1177,2020-04-19,17597,4498,1187,1142,487,346,877
1178,2020-04-20,17602,4498,1187,1142,487,346,877
1179,2020-04-21,17604,4500,1187,1142,487,351,877
1180,2020-04-22,17606,4502,1187,1142,488,351,880
1181,2020-04-23,17653,4502,1187,1145,488,351,880
1182,2020-04-24,17665,4506,1187,1145,488,351,881
1183,2020-04-25,17668,4506,1187,1145,488,351,881
1184,2020-04-26,17672,4506,1188,1150,488,351,881
1185,2020-04-27,17677,4507,1189,1150,489,351,882
1186,2020-04-28,17688,4509,1190,1150,489,351,882
1187,2020-04-29,17699,4509,1196,1154,489,351,882
1188,2020-04-30,17708,4515,1196,1155,490,351,882
1189,2020-05-01,17719,4515,1196,1155,490,351,882
1190,2020-05-02,17720,4515,1196,1155,490,351,882
1191,2020-05-03,17727,4515,1196,1155,490,351,882
1192,2020-05-04,17731,4515,1196,1155,490,351,882
1193,2020-05-05,17735,4515,1196,1155,490,351,882
1194,2020-05-06,17738,4517,1196,1155,490,351,882
1195,2020-05-07,17740,4519,1196,1155,491,351,882
1196,2020-05-08,17761,4521,1196,1157,492,351,882
1197,2020-05-09,17778,4521,1196,1157,492,355,882
1198,2020-05-10,17781,4524,1196,1157,492,355,886
1199,2020-05-11,17789,4529,1198,1157,492,355,887
1200,2020-05-12,17822,4529,1198,1157,492,355,887
1201,2020-05-13,17823,4531,1198,1157,492,355,887
1202,2020-05-14,17837,4531,1198,1157,492,355,887
1203,2020-05-15,17848,4533,1198,1157,493,355,887
1204,2020-05-16,17860,4533,1198,1157,493,355,887
1205,2020-05-17,17867,4533,1200,1157,493,355,887
1206,2020-05-18,17887,4533,1202,1158,493,355,887
1207,2020-05-19,17896,4537,1202,1161,493,355,887
1208,2020-05-20,17911,4541,1202,1162,494,355,887
1209,2020-05-21,17937,4543,1203,1172,495,356,888
1210,2020-05-22,17969,4556,1216,1175,497,358,890
1211,2020-05-23,18009,4568,1221,1180,501,362,895
1212,2020-05-24,18037,4570,1222,1184,501,362,900
1213,2020-05-25,18053,4571,1228,1186,502,363,901
1214,2020-05-26,18072,4572,1230,1190,502,363,901
1215,2020-05-27,18078,4574,1234,1198,503,364,902
1216,2020-05-29,18106,4576,1238,1198,503,364,902
1217,2020-05-30,18116,4577,1245,1198,503,364,902
1218,2020-05-31,18124,4577,1246,1198,503,364,902
1219,2020-06-01,18140,4583,1247,1198,503,364,906
1220,2020-06-02,18143,4594,1247,1201,503,364,915
1221,2020-06-03,18151,4598,1247,1201,503,364,926
1222,2020-06-04,18164,4600,1247,1201,504,364,926
1223,2020-06-05,18171,4604,1247,1202,504,364,926
1224,2020-06-06,18187,4604,1247,1202,504,364,926
1225,2020-06-07,18196,4604,1247,1202,504,364,926
1226,2020-06-08,18203,4606,1247,1206,504,364,926
1227,2020-06-09,18211,4608,1249,1206,504,364,926
1228,2020-06-10,18242,4608,1249,1206,504,364,926
1229,2020-06-11,18246,4614,1249,1206,504,364,926
1230,2020-06-12,18265,4617,1249,1212,504,364,930
1231,2020-06-13,18266,4617,1249,1212,504,364,930
1232,2020-06-14,18269,4618,1249,1212,504,364,930
1233,2020-06-15,18276,4625,1249,1212,504,364,930
1234,2020-06-16,18282,4625,1249,1212,504,364,930
1235,2020-06-17,18292,4627,1249,1212,504,364,930
1236,2020-06-18,18304,4627,1250,1212,505,364,930
1237,2020-06-19,18313,4627,1252,1213,505,364,930
1238,2020-06-20,18316,4627,1259,1213,505,364,930
1239,2020-06-21,18321,4627,1261,1213,505,364,930
1240,2020-06-22,18330,4631,1261,1214,505,364,930
1241,2020-06-23,18342,4631,1261,1215,505,364,930
1242,2020-06-24,18347,4633,1261,1219,505,364,930
1243,2020-06-25,18357,4633,1261,1219,505,364,930
1244,2020-06-26,18361,4633,1261,1219,505,364,930
1245,2020-06-27,18362,4633,1261,1219,505,364,930
1246,2020-06-28,18371,4639,1263,1219,505,364,931
1247,2020-06-30,18390,4640,1270,1219,506,364,931
1248,2020-07-01,18409,4645,1270,1219,506,364,931
1249,2020-07-02,18412,4645,1270,1219,506,364,931
1250,2020-07-03,18422,4646,1273,1224,507,365,936
1251,2020-07-04,18427,4646,1273,1224,507,365,936
1252,2020-07-05,18435,4646,1273,1224,507,365,936
1253,2020-07-06,18440,4646,1273,1224,507,365,936
1254,2020-07-07,18448,4657,1273,1224,507,365,936
1255,2020-07-08,18468,4657,1273,1230,507,365,936
1256,2020-07-09,18472,4659,1273,1230,507,365,936
1257,2020-07-10,18476,4659,1273,1231,507,365,940
1258,2020-07-11,18478,4659,1273,1231,507,365,940
1259,2020-07-12,18484,4659,1273,1231,507,365,940
1260,2020-07-13,18493,4664,1273,1231,507,365,941
1261,2020-07-14,18507,4666,1273,1231,507,365,943
1262,2020-07-15,18508,4668,1273,1231,507,365,943
1263,2020-07-16,18519,4668,1280,1231,507,365,943
1264,2020-07-17,18529,4669,1280,1231,507,365,943
1265,2020-07-18,18536,4669,1280,1231,507,365,943
1266,2020-07-19,18539,4669,1280,1231,507,365,943
1267,2020-07-20,18558,4669,1280,1233,507,365,943
1268,2020-07-21,18578,4674,1280,1234,508,365,944
1269,2020-07-22,18596,4676,1280,1236,508,370,944
1270,2020-07-23,18618,4681,1280,1236,509,371,945
1271,2020-07-24,18659,4682,1280,1237,509,371,949
1272,2020-07-25,18671,4682,1280,1237,509,371,949
1273,2020-07-26,18676,4682,1280,1237,509,371,949
1274,2020-07-27,18683,4682,1286,1239,509,371,949
1275,2020-07-28,18693,4685,1286,1239,509,371,953
1276,2020-07-29,18717,4689,1288,1239,512,371,957
1277,2020-07-30,18731,4691,1288,1240,513,371,960
1278,2020-07-31,18763,4694,1288,1240,513,371,963
1279,2020-08-01,18767,4697,1288,1240,513,371,963
1280,2020-08-02,18770,4697,1288,1240,513,371,963
1281,2020-08-03,18773,4697,1288,1240,513,371,963
1282,2020-08-04,18774,4697,1288,1240,513,371,963
1283,2020-08-05,18779,4697,1288,1240,513,371,963
1284,2020-08-06,18783,4697,1288,1240,513,371,963
1285,2020-08-07,18784,4697,1288,1240,513,371,963
1286,2020-08-08,18788,4697,1289,1240,513,371,963
1287,2020-08-09,18794,4701,1289,1240,513,371,963
1288,2020-08-10,18798,4701,1291,1240,513,371,963
1289,2020-08-11,18808,4701,1297,1240,513,371,963
1290,2020-08-13,18811,4701,1297,1240,513,371,963
1291,2020-08-14,18819,4704,1297,1240,513,371,963
1292,2020-08-15,18826,4704,1297,1240,513,371,963
1293,2020-08-16,18827,4704,1297,1240,513,371,963
1294,2020-08-17,18835,4706,1297,1240,514,371,963
1295,2020-08-18,18842,4706,1297,1240,514,371,963
1296,2020-08-19,18848,4713,1297,1240,514,371,967
1297,2020-08-20,18855,4715,1302,1243,514,371,967
1298,2020-08-21,18893,4718,1302,1244,514,371,967
1299,2020-08-22,18908,4718,1302,1249,514,371,969
1300,2020-08-23,18916,4727,1302,1249,514,371,969
1301,2020-08-24,18928,4733,1302,1254,515,371,976
1302,2020-08-25,18937,4733,1302,1255,515,371,976
1303,2020-08-26,18961,4735,1302,1256,516,371,977
1304,2020-08-27,18983,4737,1309,1260,516,371,977
1305,2020-08-28,18986,4737,1309,1260,516,371,977
1306,2020-08-29,19003,4739,1310,1262,517,372,978
1307,2020-08-30,19010,4739,1310,1262,517,372,978
1308,2020-08-31,19024,4739,1310,1262,517,372,978
1309,2020-09-01,19046,4741,1310,1262,519,372,980
1310,2020-09-02,19054,4742,1310,1262,519,372,980
1311,2020-09-03,19080,4745,1313,1265,523,374,982
1312,2020-09-04,19085,4745,1313,1265,523,374,982
1313,2020-09-05,19103,4745,1313,1265,523,374,987
1314,2020-09-06,19119,4745,1313,1265,523,374,987
1315,2020-09-07,19126,4745,1313,1265,523,374,987
1316,2020-09-09,19151,4748,1313,1265,524,375,988
1317,2020-09-10,19171,4748,1313,1265,524,375,992
1318,2020-09-11,19189,4756,1313,1266,525,375,994
1319,2020-09-12,19200,4756,1313,1266,525,375,994
1320,2020-09-13,19207,4757,1313,1266,525,375,994
1321,2020-09-14,19219,4757,1313,1266,525,375,994
1322,2020-09-15,19242,4757,1313,1272,528,375,994
1323,2020-09-16,19256,4766,1313,1274,528,380,1000
1324,2020-09-17,19261,4768,1313,1274,528,380,1000
1325,2020-09-18,19294,4770,1313,1275,528,380,1000
1326,2020-09-19,19312,4770,1313,1275,528,380,1000
1327,2020-09-20,19318,4770,1313,1280,528,380,1000
1328,2020-09-21,19326,4770,1313,1280,528,380,1000
1329,2020-09-22,19366,4792,1313,1280,529,380,1001
1330,2020-09-23,19392,4794,1313,1283,529,380,1001
1331,2020-09-24,19420,4800,1313,1284,529,380,1005
1332,2020-09-25,19428,4800,1313,1284,529,380,1005
1333,2020-09-26,19458,4802,1314,1286,530,381,1006
1334,2020-09-27,19466,4802,1314,1292,530,384,1006
1335,2020-09-28,19484,4805,1314,1292,530,384,1006
1336,2020-09-29,19498,4808,1317,1297,530,384,1008
1337,2020-09-30,19523,4812,1319,1299,532,386,1010
1338,2020-10-01,19536,4812,1319,1299,532,386,1010
1339,2020-10-02,19564,4812,1319,1299,532,386,1010
1340,2020-10-03,19572,4814,1319,1299,532,386,1010
1341,2020-10-04,19575,4816,1319,1299,532,386,1010
1342,2020-10-05,19578,4816,1319,1299,532,386,1010
1343,2020-10-06,19580,4816,1319,1299,532,386,1010
1344,2020-10-07,19581,4816,1319,1299,532,386,1010
1345,2020-10-08,19582,4816,1319,1299,532,386,1010
1346,2020-10-09,19593,4819,1319,1299,532,386,1010
1347,2020-10-10,19611,4821,1319,1299,533,386,1010
1348,2020-10-11,19620,4821,1319,1299,533,386,1010
1349,2020-10-12,19646,4826,1319,1299,533,386,1011
1350,2020-10-13,19665,4826,1321,1299,533,386,1016
1351,2020-10-14,19686,4826,1328,1299,533,386,1017
1352,2020-10-15,19730,4836,1331,1300,533,386,1017
1353,2020-10-16,19749,4836,1332,1304,533,386,1017
1354,2020-10-17,19783,4838,1340,1308,533,386,1017
1355,2020-10-18,19787,4838,1340,1308,533,386,1017
1356,2020-10-19,19796,4838,1340,1308,535,386,1017
1357,2020-10-20,19801,4842,1340,1308,536,386,1017
1358,2020-10-21,19810,4844,1340,1308,536,386,1021
1359,2020-10-22,19816,4847,1340,1312,536,386,1021
1360,2020-10-23,19841,4851,1341,1317,537,387,1022
1361,2020-10-24,19848,4851,1341,1317,537,387,1026
1362,2020-10-25,19865,4851,1341,1317,537,387,1026
1363,2020-10-26,19882,4851,1341,1317,537,387,1026
1364,2020-10-27,19884,4853,1341,1317,537,387,1026
1365,2020-10-28,19891,4853,1346,1317,537,387,1026
1366,2020-10-29,19905,4853,1346,1317,537,387,1026
1367,2020-10-30,19933,4856,1348,1320,538,389,1027
1368,2020-10-31,19939,4861,1348,1320,538,389,1028
1369,2020-11-01,19943,4861,1348,1321,538,389,1028
1370,2020-11-02,19965,4866,1355,1322,540,390,1030
1371,2020-11-03,19978,4867,1359,1322,541,390,1031
1372,2020-11-04,19995,4879,1359,1328,541,390,1036
1373,2020-11-05,20027,4882,1359,1328,544,390,1042
1374,2020-11-06,20048,4887,1359,1328,545,390,1045
1375,2020-11-07,20062,4887,1359,1328,545,390,1045
1376,2020-11-08,20072,4888,1359,1328,545,390,1045
1377,2020-11-09,20087,4893,1359,1330,545,390,1045
1378,2020-11-10,20098,4895,1362,1332,545,390,1047
1379,2020-11-11,20118,4897,1369,1336,545,395,1047
1380,2020-11-12,20153,4905,1369,1336,545,395,1051
1381,2020-11-13,20173,4911,1369,1337,545,395,1051
1382,2020-11-14,20202,4918,1369,1337,545,395,1058
1383,2020-11-15,20224,4928,1369,1337,545,395,1060
1384,2020-11-16,20230,4928,1369,1337,545,395,1060
1385,2020-11-17,20264,4935,1370,1338,547,396,1062
1386,2020-11-18,20295,4939,1370,1338,547,396,1066
1387,2020-11-19,20319,4940,1375,1338,547,396,1066
1388,2020-11-20,20352,4940,1379,1338,549,396,1066
1389,2020-11-21,20361,4940,1379,1338,549,396,1066
1390,2020-11-22,20372,4944,1379,1338,549,396,1067
1391,2020-11-23,20413,4944,1386,1338,549,396,1067
1392,2020-11-24,20443,4946,1387,1339,551,399,1068
1393,2020-11-25,20458,4955,1387,1340,551,399,1073
1394,2020-11-26,20474,4961,1387,1340,551,399,1073
1395,2020-11-27,20487,4962,1389,1341,551,399,1073
1396,2020-11-28,20502,4962,1389,1341,551,399,1073
1397,2020-11-29,20512,4962,1389,1341,551,399,1073
1398,2020-11-30,20527,4969,1389,1341,551,399,1073
1399,2020-12-01,20539,4969,1389,1341,551,399,1078
1400,2020-12-02,20561,4977,1389,1343,551,399,1079
1401,2020-12-03,20571,4977,1389,1343,551,399,1082
1402,2020-12-04,20599,4977,1394,1346,551,399,1082
1403,2020-12-05,20601,4977,1394,1346,551,399,1082
1404,2020-12-06,20606,4977,1394,1346,551,399,1082
1405,2020-12-07,20612,4982,1394,1346,551,399,1083
1406,2020-12-08,20621,4986,1394,1346,551,399,1087
1407,2020-12-09,20629,4988,1394,1350,551,399,1087
1408,2020-12-10,20645,4990,1398,1350,554,399,1091
1409,2020-12-11,20662,4994,1398,1352,555,399,1092
1410,2020-12-12,20669,4994,1398,1352,555,399,1092
1411,2020-12-13,20680,4994,1398,1352,555,399,1092
1412,2020-12-14,20687,5000,1398,1352,555,399,1092
1413,2020-12-15,20707,5000,1403,1352,555,399,1096
1414,2020-12-16,20734,5000,1408,1355,555,399,1096
1415,2020-12-17,20750,5000,1408,1355,555,399,1096
1416,2020-12-18,20771,5002,1409,1356,556,400,1097
1417,2020-12-19,20775,5002,1409,1356,556,400,1097
1418,2020-12-20,20781,5002,1409,1356,556,400,1097
1419,2020-12-21,20793,5002,1417,1360,556,400,1097
1420,2020-12-22,20797,5004,1418,1360,556,400,1101
1421,2020-12-24,20807,5015,1423,1360,556,400,1102
1422,2020-12-26,20815,5015,1433,1360,556,400,1102
1423,2020-12-27,20818,5015,1433,1360,556,400,1102
1424,2020-12-28,20823,5019,1433,1360,556,400,1102
1425,2020-12-29,20840,5023,1434,1361,557,401,1103
1426,2020-12-30,20852,5027,1434,1361,558,405,1104
1427,2020-12-31,20875,5030,1435,1363,559,406,1105
1428,2021-01-01,20892,5030,1435,1363,559,406,1105
1429,2021-01-02,20903,5030,1435,1363,559,406,1105
1430,2021-01-03,20911,5030,1435,1363,559,406,1105
1431,2021-01-04,20922,5032,1435,1363,559,406,1105
1432,2021-01-05,20937,5032,1435,1363,559,406,1105
1433,2021-01-06,20948,5032,1435,1363,563,406,1105
1434,2021-01-07,20953,5032,1435,1363,563,406,1105
1435,2021-01-08,20954,5034,1435,1363,563,406,1105
1436,2021-01-09,20960,5034,1435,1363,563,406,1105
1437,2021-01-10,20966,5034,1435,1363,563,406,1105
1438,2021-01-11,20983,5036,1436,1364,564,407,1106
1439,2021-01-12,20985,5036,1438,1364,564,407,1110
1440,2021-01-13,20990,5036,1438,1364,564,407,1110
1441,2021-01-14,21001,5036,1438,1368,567,407,1110
1442,2021-01-15,21009,5038,1438,1372,567,407,1110
1443,2021-01-16,21018,5038,1438,1372,567,407,1110
1444,2021-01-17,21025,5038,1438,1372,567,407,1110
1445,2021-01-19,21030,5040,1438,1375,567,407,1110
1446,2021-01-20,21073,5047,1440,1375,567,407,1113
1447,2021-01-21,21086,5049,1441,1376,567,407,1116
1448,2021-01-22,21114,5055,1445,1381,568,410,1118
1449,2021-01-23,21122,5057,1449,1381,568,410,1118
1450,2021-01-24,21128,5057,1449,1381,568,410,1118
1451,2021-01-25,21141,5066,1453,1385,568,410,1119
1452,2021-01-26,21180,5068,1455,1385,568,410,1125
1453,2021-01-27,21209,5074,1460,1387,568,410,1128
1454,2021-01-28,21219,5074,1460,1387,568,410,1128
1455,2021-01-29,21233,5078,1460,1387,568,410,1129
1456,2021-01-31,21243,5078,1460,1387,568,410,1129
1457,2021-02-01,21244,5078,1460,1387,568,410,1129
1458,2021-02-02,21248,5087,1460,1387,568,410,1132
1459,2021-02-03,21256,5089,1460,1387,568,410,1132
1460,2021-02-04,21259,5096,1460,1387,568,410,1137
1461,2021-02-05,21291,5096,1460,1387,568,410,1137
1462,2021-02-06,21314,5102,1460,1387,568,410,1137
1463,2021-02-07,21322,5102,1460,1392,568,410,1137
1464,2021-02-09,21347,5102,1462,1392,568,410,1137
1465,2021-02-10,21366,5106,1463,1393,569,411,1138
1466,2021-02-11,21376,5106,1463,1393,569,411,1138
1467,2021-02-12,21381,5106,1463,1393,569,411,1138
1468,2021-02-13,21383,5106,1463,1393,569,411,1138
1469,2021-02-14,21385,5109,1463,1393,569,411,1138
1470,2021-02-15,21387,5109,1463,1393,569,411,1138
1471,2021-02-16,21389,5109,1463,1393,569,411,1138
1472,2021-02-17,21394,5109,1463,1393,569,411,1138
1473,2021-02-18,21407,5111,1463,1393,569,411,1138
1474,2021-02-19,21424,5114,1468,1393,570,411,1139
1475,2021-02-20,21446,5115,1469,1394,575,412,1141
1476,2021-02-21,21460,5115,1469,1394,575,412,1141
1477,2021-02-22,21484,5117,1470,1395,576,413,1142
1478,2021-02-23,21514,5117,1470,1395,576,413,1146
1479,2021-02-24,21534,5117,1470,1399,576,413,1146
1480,2021-02-25,21556,5119,1471,1402,577,414,1147
1481,2021-02-26,21587,5119,1471,1402,577,414,1147
1482,2021-02-27,21614,5119,1474,1402,577,414,1147
1483,2021-02-28,21634,5119,1481,1402,577,414,1147
1484,2021-03-01,21649,5119,1481,1403,578,414,1147
1485,2021-03-02,21682,5121,1481,1403,578,414,1147
1486,2021-03-03,21693,5121,1481,1407,578,414,1147
1487,2021-03-04,21699,5123,1482,1416,579,415,1148
1488,2021-03-05,21756,5140,1495,1422,585,422,1154
1489,2021-03-06,21806,5152,1500,1427,589,426,1159
1490,2021-03-07,21842,5158,1504,1431,593,430,1166
